{"stats":{"minecraft:killed_by":{"minecraft:spider":1},"minecraft:mined":{"minecraft:sand":1},"minecraft:custom":{"minecraft:jump":30,"minecraft:time_since_rest":575,"minecraft:leave_game":1,"minecraft:deaths":1,"minecraft:sprint_one_cm":6470,"minecraft:play_time":2770,"minecraft:damage_taken":230,"minecraft:time_since_death":0,"minecraft:walk_one_cm":4372,"minecraft:total_world_time":2770,"minecraft:fall_one_cm":1045,"minecraft:fly_one_cm":10759},"minecraft:picked_up":{"minecraft:sand":1}},"DataVersion":3953}